IOC,Won_Tournaments,Number_of_Matches,Win_Percentage,label
30,17.0,378.0,0.7063492063492064,0.0
79,0.0,7.0,0.2857142857142857,1.0
30,0.0,11.0,0.4545454545454545,1.0
31,0.0,4.0,0.25,1.0
24,0.0,94.0,0.5,0.0
30,0.0,20.0,0.3,0.0
42,0.0,55.0,0.3636363636363636,1.0
18,0.0,57.0,0.7017543859649122,0.0
16,3.0,205.0,0.4926829268292683,0.0
18,0.0,21.0,0.5714285714285714,0.0
59,0.0,8.0,0.75,1.0
27,3.0,194.0,0.4690721649484536,0.0
30,1.0,50.0,0.48,0.0
20,3.0,154.0,0.448051948051948,0.0
24,0.0,53.0,0.490566037735849,0.0
79,0.0,28.0,0.5357142857142857,1.0
18,0.0,28.0,0.5,0.0
2,0.0,2.0,0.5,0.0
3,2.0,81.0,0.5555555555555556,0.0
30,0.0,85.0,0.5058823529411764,0.0
64,0.0,3.0,0.6666666666666666,0.0
70,15.0,229.0,0.8296943231441049,0.0
41,0.0,40.0,0.5,0.0
70,1.0,108.0,0.4907407407407407,0.0
24,3.0,243.0,0.4897119341563786,0.0
66,0.0,61.0,0.4426229508196721,1.0
41,6.0,329.0,0.4924012158054711,0.0
27,1.0,133.0,0.5488721804511278,0.0
18,0.0,40.0,0.4,0.0
27,0.0,96.0,0.4583333333333333,0.0
27,1.0,167.0,0.5029940119760479,0.0
24,0.0,2.0,0.5,1.0
71,0.0,13.0,0.4615384615384615,1.0
24,2.0,151.0,0.5496688741721855,0.0
24,3.0,183.0,0.4699453551912568,0.0
62,0.0,6.0,0.3333333333333333,1.0
10,0.0,87.0,0.4137931034482758,0.0
66,5.0,169.0,0.5325443786982249,0.0
79,0.0,12.0,0.6666666666666666,1.0
42,0.0,6.0,0.6666666666666666,1.0
27,0.0,71.0,0.4225352112676056,0.0
66,0.0,29.0,0.3793103448275862,1.0
55,0.0,11.0,0.4545454545454545,1.0
15,0.0,13.0,0.4615384615384615,1.0
21,0.0,30.0,0.2666666666666666,0.0
1,3.0,213.0,0.5586854460093896,0.0
49,2.0,141.0,0.5531914893617021,0.0
24,2.0,258.0,0.4922480620155038,0.0
1,1.0,113.0,0.5132743362831859,0.0
74,7.0,128.0,0.625,0.0
19,0.0,127.0,0.6141732283464567,0.0
56,0.0,19.0,0.5789473684210527,1.0
74,0.0,75.0,0.3333333333333333,0.0
30,3.0,119.0,0.4705882352941176,0.0
30,3.0,249.0,0.5461847389558233,0.0
41,0.0,34.0,0.4411764705882353,0.0
15,0.0,72.0,0.4305555555555556,0.0
24,1.0,250.0,0.504,0.0
27,0.0,29.0,0.4827586206896552,0.0
75,5.0,304.0,0.4638157894736842,0.0
10,4.0,256.0,0.55859375,0.0
68,0.0,2.0,0.5,1.0
62,0.0,87.0,0.5402298850574713,0.0
41,3.0,281.0,0.498220640569395,0.0
6,4.0,169.0,0.6272189349112426,0.0
79,0.0,65.0,0.4153846153846154,0.0
30,0.0,5.0,0.4,1.0
41,0.0,8.0,0.375,1.0
1,1.0,35.0,0.4857142857142857,0.0
18,0.0,10.0,0.4,1.0
68,5.0,97.0,0.5567010309278351,0.0
78,0.0,11.0,0.3636363636363636,1.0
42,1.0,289.0,0.5536332179930796,0.0
12,0.0,95.0,0.5368421052631579,0.0
30,2.0,228.0,0.5131578947368421,0.0
0,0.0,18.0,0.4444444444444444,0.0
27,2.0,270.0,0.4851851851851851,0.0
16,0.0,65.0,0.4769230769230769,0.0
41,0.0,52.0,0.4807692307692308,1.0
45,0.0,3.0,0.6666666666666666,1.0
64,0.0,69.0,0.4492753623188406,0.0
74,0.0,50.0,0.54,0.0
37,0.0,8.0,0.25,0.0
66,2.0,163.0,0.5030674846625767,0.0
30,0.0,2.0,0.5,1.0
63,0.0,14.0,0.2857142857142857,0.0
40,4.0,208.0,0.5625,0.0
24,0.0,4.0,0.5,1.0
79,6.0,267.0,0.6217228464419475,0.0
1,2.0,169.0,0.5384615384615384,0.0
79,0.0,43.0,0.4186046511627907,0.0
10,0.0,13.0,0.3846153846153846,0.0
66,0.0,265.0,0.4339622641509434,0.0
41,4.0,232.0,0.5,0.0
17,1.0,156.0,0.5192307692307693,0.0
27,0.0,23.0,0.5652173913043478,1.0
18,1.0,309.0,0.5145631067961165,0.0
24,0.0,199.0,0.4874371859296482,0.0
2,0.0,143.0,0.6153846153846154,0.0
24,1.0,90.0,0.4777777777777778,0.0
61,0.0,25.0,0.48,1.0
18,1.0,158.0,0.6265822784810127,0.0
45,0.0,12.0,0.3333333333333333,1.0
37,0.0,7.0,0.4285714285714285,1.0
56,0.0,8.0,0.5,0.0
41,0.0,132.0,0.5681818181818182,0.0
56,0.0,8.0,0.5,1.0
66,0.0,83.0,0.4337349397590361,0.0
24,3.0,289.0,0.5051903114186851,0.0
41,0.0,50.0,0.46,1.0
37,0.0,7.0,0.2857142857142857,1.0
78,7.0,278.0,0.5575539568345323,0.0
77,3.0,342.0,0.52046783625731,0.0
24,7.0,182.0,0.532967032967033,0.0
27,0.0,167.0,0.5089820359281437,0.0
30,0.0,31.0,0.6129032258064516,0.0
68,1.0,250.0,0.488,0.0
37,0.0,9.0,0.2222222222222222,1.0
66,0.0,31.0,0.3870967741935484,1.0
30,0.0,18.0,0.5555555555555556,0.0
24,4.0,232.0,0.5560344827586207,0.0
27,0.0,2.0,0.5,1.0
66,0.0,118.0,0.2627118644067797,0.0
65,4.0,223.0,0.6098654708520179,0.0
30,1.0,294.0,0.5238095238095238,0.0
80,0.0,50.0,0.32,0.0
10,0.0,64.0,0.484375,0.0
24,21.0,314.0,0.8343949044585988,0.0
27,4.0,252.0,0.5912698412698413,0.0
65,0.0,17.0,0.4705882352941176,1.0
42,0.0,101.0,0.5643564356435643,0.0
42,0.0,11.0,0.2727272727272727,1.0
66,0.0,3.0,0.3333333333333333,1.0
27,6.0,251.0,0.6334661354581673,0.0
80,3.0,289.0,0.4671280276816609,0.0
40,0.0,62.0,0.3870967741935484,0.0
14,0.0,212.0,0.4716981132075472,0.0
67,0.0,84.0,0.5119047619047619,0.0
37,0.0,61.0,0.4098360655737705,0.0
10,0.0,13.0,0.5384615384615384,1.0
18,0.0,32.0,0.5,0.0
70,0.0,50.0,0.46,0.0
41,0.0,18.0,0.3888888888888889,0.0
27,0.0,42.0,0.3809523809523809,0.0
79,0.0,29.0,0.6551724137931034,0.0
28,0.0,163.0,0.4294478527607362,0.0
27,1.0,280.0,0.5321428571428571,0.0
43,0.0,220.0,0.509090909090909,0.0
67,4.0,233.0,0.6008583690987125,0.0
3,0.0,64.0,0.421875,0.0
6,0.0,20.0,0.4,0.0
30,1.0,264.0,0.5454545454545454,0.0
56,2.0,280.0,0.4857142857142857,0.0
25,0.0,35.0,0.4571428571428571,0.0
10,0.0,20.0,0.55,1.0
15,0.0,64.0,0.390625,0.0
15,0.0,8.0,0.375,1.0
58,0.0,118.0,0.4661016949152542,0.0
28,11.0,183.0,0.7595628415300546,0.0
1,2.0,235.0,0.502127659574468,0.0
77,0.0,80.0,0.5,0.0
27,0.0,12.0,0.4166666666666667,1.0
68,27.0,339.0,0.8525073746312685,0.0
41,6.0,287.0,0.578397212543554,0.0
27,1.0,224.0,0.4732142857142857,0.0
24,0.0,5.0,0.4,1.0
6,0.0,31.0,0.5161290322580645,0.0
39,1.0,97.0,0.5463917525773195,0.0
76,1.0,82.0,0.4024390243902439,0.0
6,0.0,97.0,0.3195876288659793,0.0
41,0.0,216.0,0.4351851851851852,0.0
30,1.0,161.0,0.515527950310559,0.0
43,1.0,74.0,0.3783783783783784,0.0
66,0.0,16.0,0.6875,1.0
37,0.0,50.0,0.42,0.0
56,0.0,129.0,0.4573643410852713,0.0
79,0.0,2.0,0.5,1.0
30,2.0,259.0,0.4787644787644787,0.0
14,0.0,23.0,0.391304347826087,1.0
74,0.0,14.0,0.3571428571428571,1.0
77,4.0,244.0,0.5245901639344263,0.0
8,0.0,30.0,0.4,1.0
56,0.0,12.0,0.4166666666666667,0.0
79,3.0,232.0,0.5474137931034483,0.0
42,0.0,63.0,0.4444444444444444,0.0
8,0.0,68.0,0.5147058823529411,1.0
58,0.0,15.0,0.2,1.0
37,0.0,129.0,0.5658914728682171,0.0
71,4.0,285.0,0.5228070175438596,0.0
37,0.0,2.0,0.5,1.0
71,0.0,3.0,0.3333333333333333,1.0
30,0.0,76.0,0.5657894736842105,0.0
2,0.0,16.0,0.5,1.0
2,3.0,219.0,0.5296803652968036,0.0
15,2.0,188.0,0.526595744680851,0.0
42,0.0,66.0,0.4242424242424242,0.0
7,0.0,182.0,0.4175824175824176,0.0
43,3.0,291.0,0.5120274914089347,0.0
41,0.0,313.0,0.4440894568690096,0.0
10,1.0,232.0,0.4784482758620689,0.0
79,2.0,209.0,0.5215311004784688,0.0
62,0.0,18.0,0.2777777777777778,1.0
10,0.0,12.0,0.5833333333333334,1.0
13,0.0,52.0,0.4038461538461538,0.0
37,0.0,18.0,0.3333333333333333,0.0
6,2.0,283.0,0.5053003533568905,0.0
24,3.0,326.0,0.5153374233128835,0.0
77,0.0,3.0,0.3333333333333333,1.0
77,0.0,52.0,0.4038461538461538,0.0
27,0.0,22.0,0.3636363636363636,0.0
30,0.0,94.0,0.574468085106383,0.0
43,0.0,2.0,0.5,1.0
6,0.0,16.0,0.375,0.0
27,1.0,42.0,0.4761904761904761,0.0
28,0.0,97.0,0.4948453608247423,0.0
63,0.0,6.0,0.1666666666666666,1.0
30,0.0,70.0,0.5142857142857142,0.0
21,0.0,47.0,0.4468085106382978,1.0
72,0.0,18.0,0.5555555555555556,1.0
27,0.0,7.0,0.4285714285714285,1.0
1,0.0,58.0,0.4827586206896552,1.0
24,0.0,30.0,0.6333333333333333,0.0
77,0.0,36.0,0.3333333333333333,1.0
25,1.0,173.0,0.5144508670520231,0.0
24,0.0,51.0,0.4901960784313725,0.0
24,8.0,336.0,0.6547619047619048,0.0
42,0.0,7.0,0.4285714285714285,1.0
42,1.0,274.0,0.5218978102189781,0.0
50,0.0,16.0,0.5625,1.0
62,0.0,19.0,0.4210526315789473,1.0
10,2.0,178.0,0.4943820224719101,0.0
63,8.0,293.0,0.5836177474402731,0.0
9,0.0,60.0,0.4,0.0
1,0.0,26.0,0.4615384615384615,1.0
70,0.0,68.0,0.5882352941176471,0.0
27,0.0,153.0,0.4901960784313725,0.0
12,3.0,332.0,0.4909638554216867,0.0
56,0.0,52.0,0.4615384615384615,1.0
27,5.0,326.0,0.5214723926380368,0.0
16,0.0,7.0,0.2857142857142857,0.0
27,0.0,19.0,0.4210526315789473,0.0
10,0.0,45.0,0.4444444444444444,0.0
68,1.0,134.0,0.4552238805970149,0.0
46,1.0,211.0,0.4549763033175355,0.0
2,0.0,3.0,0.3333333333333333,1.0
42,7.0,295.0,0.535593220338983,0.0
56,1.0,106.0,0.4245283018867924,0.0
41,0.0,6.0,0.1666666666666666,1.0
35,1.0,154.0,0.525974025974026,0.0
16,5.0,312.0,0.6346153846153846,0.0
12,0.0,34.0,0.3823529411764705,0.0
37,0.0,25.0,0.36,1.0
30,0.0,2.0,0.5,1.0
77,1.0,101.0,0.5247524752475248,0.0
39,0.0,5.0,0.2,1.0
42,0.0,7.0,0.2857142857142857,1.0
16,0.0,31.0,0.3225806451612903,1.0
10,0.0,26.0,0.3461538461538461,1.0
18,0.0,2.0,0.5,1.0
65,0.0,2.0,0.5,1.0
16,0.0,70.0,0.5,0.0
10,0.0,49.0,0.3673469387755102,1.0
2,0.0,2.0,0.5,1.0
10,0.0,9.0,0.5555555555555556,1.0
27,0.0,22.0,0.3636363636363636,0.0
21,0.0,165.0,0.5212121212121212,0.0
60,0.0,41.0,0.3902439024390244,1.0
1,0.0,41.0,0.5365853658536586,0.0
79,0.0,49.0,0.5102040816326531,0.0
24,0.0,95.0,0.4105263157894737,0.0
2,0.0,48.0,0.5,1.0
13,0.0,12.0,0.4166666666666667,1.0
79,0.0,8.0,0.25,1.0
15,0.0,204.0,0.4558823529411764,0.0
13,0.0,8.0,0.25,1.0
41,0.0,29.0,0.3448275862068966,0.0
8,0.0,61.0,0.4426229508196721,0.0
24,1.0,50.0,0.46,0.0
16,1.0,157.0,0.4394904458598726,0.0
63,1.0,286.0,0.444055944055944,0.0
24,0.0,3.0,0.3333333333333333,1.0
6,0.0,47.0,0.5106382978723404,0.0
52,0.0,6.0,0.1666666666666666,1.0
64,0.0,9.0,0.3333333333333333,1.0
27,2.0,325.0,0.4861538461538461,0.0
81,0.0,70.0,0.3857142857142857,1.0
42,0.0,8.0,0.5,1.0
79,0.0,28.0,0.5,0.0
1,0.0,36.0,0.5,0.0
14,0.0,107.0,0.4299065420560747,0.0
41,5.0,297.0,0.5084175084175084,0.0
26,0.0,70.0,0.4285714285714285,0.0
3,0.0,9.0,0.3333333333333333,1.0
2,5.0,288.0,0.5451388888888888,0.0
74,4.0,306.0,0.5359477124183006,0.0
70,0.0,6.0,0.3333333333333333,1.0
71,4.0,237.0,0.5358649789029536,0.0
30,2.0,285.0,0.519298245614035,0.0
67,5.0,262.0,0.5801526717557252,0.0
10,0.0,10.0,0.2,1.0
79,0.0,218.0,0.4770642201834862,0.0
56,0.0,11.0,0.5454545454545454,0.0
42,0.0,2.0,0.5,1.0
79,0.0,23.0,0.2608695652173913,0.0
62,0.0,40.0,0.475,0.0
41,0.0,4.0,0.5,1.0
41,0.0,247.0,0.5263157894736842,0.0
71,6.0,328.0,0.5396341463414634,0.0
27,0.0,2.0,0.5,1.0
27,0.0,39.0,0.4102564102564102,0.0
18,0.0,33.0,0.2727272727272727,0.0
28,0.0,17.0,0.5294117647058824,0.0
3,0.0,72.0,0.4444444444444444,0.0
72,0.0,14.0,0.5,1.0
2,0.0,23.0,0.4347826086956521,1.0
51,6.0,337.0,0.5192878338278932,0.0
37,2.0,258.0,0.5271317829457365,0.0
18,0.0,20.0,0.4,1.0
65,0.0,98.0,0.4795918367346938,1.0
72,0.0,103.0,0.4757281553398058,0.0
24,0.0,156.0,0.4166666666666667,0.0
68,0.0,6.0,0.1666666666666666,1.0
2,0.0,227.0,0.4889867841409692,0.0
79,0.0,43.0,0.5348837209302325,0.0
79,7.0,271.0,0.5387453874538746,0.0
41,0.0,35.0,0.5142857142857142,0.0
42,3.0,283.0,0.6749116607773852,0.0
2,0.0,168.0,0.4464285714285714,0.0
60,0.0,19.0,0.3157894736842105,1.0
36,0.0,28.0,0.4285714285714285,0.0
81,0.0,12.0,0.25,1.0
30,0.0,64.0,0.46875,0.0
1,2.0,272.0,0.5551470588235294,0.0
9,0.0,19.0,0.0526315789473684,1.0
26,0.0,3.0,0.6666666666666666,1.0
1,9.0,357.0,0.6106442577030813,0.0
74,0.0,13.0,0.2307692307692307,1.0
7,0.0,126.0,0.4126984126984127,0.0
41,0.0,29.0,0.4482758620689655,0.0
20,0.0,213.0,0.5070422535211268,0.0
32,0.0,21.0,0.4761904761904761,1.0
37,0.0,66.0,0.4242424242424242,0.0
30,0.0,32.0,0.53125,1.0
45,0.0,80.0,0.4375,0.0
64,0.0,4.0,0.25,1.0
79,0.0,22.0,0.2272727272727272,1.0
28,0.0,19.0,0.2631578947368421,1.0
79,0.0,193.0,0.4766839378238341,0.0
30,0.0,140.0,0.4857142857142857,0.0
24,0.0,92.0,0.4130434782608695,0.0
41,0.0,6.0,0.1666666666666666,0.0
2,0.0,12.0,0.5,1.0
30,2.0,346.0,0.546242774566474,0.0
28,0.0,71.0,0.4647887323943662,0.0
24,0.0,117.0,0.4615384615384615,0.0
10,0.0,6.0,0.3333333333333333,0.0
66,0.0,17.0,0.2352941176470588,1.0
41,0.0,57.0,0.4561403508771929,0.0
66,5.0,324.0,0.4938271604938271,0.0
3,0.0,27.0,0.1481481481481481,0.0
66,0.0,6.0,0.3333333333333333,1.0
65,0.0,11.0,0.1818181818181818,1.0
1,4.0,265.0,0.5245283018867924,0.0
76,0.0,11.0,0.1818181818181818,1.0
42,0.0,16.0,0.375,1.0
28,7.0,287.0,0.6202090592334495,0.0
3,0.0,30.0,0.3666666666666666,1.0
27,0.0,89.0,0.3932584269662921,0.0
12,0.0,7.0,0.2857142857142857,1.0
41,3.0,309.0,0.5372168284789643,0.0
38,0.0,3.0,0.3333333333333333,1.0
10,0.0,54.0,0.4629629629629629,1.0
79,0.0,120.0,0.4583333333333333,0.0
48,8.0,279.0,0.5806451612903226,0.0
12,5.0,272.0,0.5808823529411765,0.0
15,0.0,73.0,0.5068493150684932,0.0
73,0.0,12.0,0.3333333333333333,1.0
68,3.0,314.0,0.4968152866242038,0.0
14,2.0,182.0,0.521978021978022,0.0
67,0.0,18.0,0.2222222222222222,1.0
3,6.0,189.0,0.5978835978835979,0.0
8,2.0,252.0,0.4642857142857143,0.0
2,0.0,34.0,0.3823529411764705,0.0
6,0.0,22.0,0.4090909090909091,0.0
2,0.0,114.0,0.4736842105263157,0.0
18,2.0,171.0,0.5146198830409356,0.0
1,0.0,11.0,0.4545454545454545,1.0
30,0.0,18.0,0.6111111111111112,0.0
71,5.0,319.0,0.5266457680250783,0.0
79,3.0,196.0,0.5306122448979592,0.0
30,0.0,13.0,0.4615384615384615,1.0
45,0.0,14.0,0.3571428571428571,1.0
83,0.0,74.0,0.4189189189189189,0.0
41,0.0,9.0,0.3333333333333333,1.0
18,0.0,5.0,0.6,1.0
22,1.0,296.0,0.4662162162162162,0.0
41,1.0,261.0,0.4904214559386973,0.0
13,0.0,31.0,0.4193548387096774,1.0
28,0.0,24.0,0.5416666666666666,1.0
67,3.0,303.0,0.5445544554455446,0.0
1,5.0,300.0,0.5833333333333334,0.0
66,0.0,10.0,0.3,1.0
30,4.0,187.0,0.5989304812834224,0.0
28,0.0,17.0,0.4705882352941176,1.0
28,0.0,9.0,0.4444444444444444,0.0
79,0.0,110.0,0.4636363636363636,0.0
42,2.0,272.0,0.4558823529411764,0.0
23,3.0,230.0,0.4956521739130435,0.0
64,1.0,280.0,0.5321428571428571,0.0
68,0.0,20.0,0.45,1.0
53,0.0,2.0,0.5,1.0
62,2.0,84.0,0.5833333333333334,0.0
63,4.0,275.0,0.5381818181818182,0.0
10,0.0,17.0,0.3529411764705882,1.0
6,3.0,320.0,0.63125,0.0
68,0.0,60.0,0.3833333333333333,1.0
27,0.0,101.0,0.4455445544554455,0.0
15,1.0,50.0,0.38,0.0
41,0.0,20.0,0.35,1.0
12,1.0,246.0,0.6788617886178862,0.0
52,0.0,60.0,0.4166666666666667,1.0
56,0.0,10.0,0.5,1.0
56,1.0,80.0,0.45,0.0
41,0.0,150.0,0.3733333333333333,0.0
6,0.0,17.0,0.4117647058823529,1.0
41,0.0,68.0,0.3529411764705882,0.0
10,0.0,26.0,0.3461538461538461,1.0
65,0.0,29.0,0.2413793103448276,0.0
16,0.0,27.0,0.4814814814814814,1.0
55,0.0,104.0,0.5288461538461539,0.0
27,0.0,29.0,0.3103448275862069,0.0
37,0.0,7.0,0.2857142857142857,1.0
66,1.0,143.0,0.5384615384615384,0.0
6,0.0,91.0,0.4615384615384615,0.0
12,1.0,265.0,0.490566037735849,0.0
27,2.0,275.0,0.5527272727272727,0.0
79,0.0,6.0,0.5,1.0
37,0.0,12.0,0.4166666666666667,1.0
74,0.0,161.0,0.4161490683229814,0.0
22,0.0,72.0,0.3888888888888889,0.0
24,0.0,175.0,0.3885714285714285,0.0
10,0.0,5.0,0.4,1.0
70,0.0,44.0,0.4090909090909091,0.0
24,0.0,6.0,0.5,1.0
26,0.0,3.0,0.3333333333333333,1.0
1,0.0,5.0,0.4,1.0
11,4.0,280.0,0.6107142857142858,0.0
30,0.0,95.0,0.5157894736842106,0.0
13,0.0,11.0,0.1818181818181818,1.0
8,0.0,42.0,0.4285714285714285,1.0
24,1.0,205.0,0.4829268292682926,0.0
30,0.0,9.0,0.3333333333333333,1.0
42,0.0,29.0,0.4137931034482758,0.0
30,0.0,6.0,0.5,1.0
24,0.0,23.0,0.4347826086956521,0.0
45,0.0,19.0,0.5789473684210527,1.0
52,0.0,14.0,0.2142857142857142,1.0
30,0.0,21.0,0.5714285714285714,0.0
56,0.0,9.0,0.2222222222222222,1.0
7,2.0,281.0,0.5231316725978647,0.0
24,6.0,317.0,0.6182965299684543,0.0
42,0.0,148.0,0.4932432432432432,0.0
36,0.0,6.0,0.5,1.0
3,0.0,93.0,0.5161290322580645,0.0
79,3.0,271.0,0.5202952029520295,0.0
80,0.0,9.0,0.2222222222222222,1.0
1,6.0,283.0,0.568904593639576,0.0
13,0.0,8.0,0.125,0.0
41,0.0,60.0,0.4,0.0
42,0.0,9.0,0.2222222222222222,0.0
66,0.0,3.0,0.3333333333333333,0.0
15,0.0,64.0,0.453125,0.0
48,0.0,136.0,0.4779411764705882,0.0
27,0.0,4.0,0.75,1.0
41,1.0,286.0,0.4405594405594406,0.0
14,1.0,197.0,0.4517766497461929,0.0
54,0.0,16.0,0.4375,0.0
27,0.0,16.0,0.3125,1.0
74,0.0,27.0,0.2222222222222222,1.0
52,0.0,25.0,0.08,1.0
27,0.0,101.0,0.5544554455445545,0.0
10,0.0,7.0,0.4285714285714285,1.0
10,0.0,13.0,0.0769230769230769,0.0
42,0.0,8.0,0.375,1.0
30,6.0,260.0,0.5807692307692308,0.0
79,0.0,166.0,0.4518072289156626,0.0
72,0.0,84.0,0.3928571428571428,0.0
27,0.0,77.0,0.4805194805194805,0.0
27,0.0,2.0,0.5,1.0
21,2.0,278.0,0.5359712230215827,0.0
10,0.0,3.0,0.3333333333333333,1.0
2,0.0,81.0,0.5061728395061729,0.0
41,4.0,268.0,0.585820895522388,0.0
66,0.0,3.0,0.3333333333333333,1.0
30,0.0,5.0,0.4,0.0
66,0.0,24.0,0.2916666666666667,1.0
24,0.0,16.0,0.3125,0.0
41,0.0,27.0,0.4074074074074074,0.0
66,0.0,76.0,0.3815789473684211,1.0
78,0.0,128.0,0.484375,0.0
2,9.0,224.0,0.6116071428571429,0.0
68,2.0,224.0,0.4910714285714285,0.0
30,0.0,175.0,0.5771428571428572,0.0
39,0.0,55.0,0.4,0.0
1,1.0,250.0,0.492,0.0
35,3.0,338.0,0.5828402366863905,0.0
27,0.0,33.0,0.5454545454545454,0.0
28,0.0,6.0,0.5,1.0
28,0.0,10.0,0.6,0.0
70,0.0,85.0,0.4,1.0
29,7.0,317.0,0.5141955835962145,0.0
21,0.0,260.0,0.4923076923076923,0.0
14,0.0,30.0,0.2333333333333333,1.0
68,6.0,276.0,0.644927536231884,0.0
27,0.0,107.0,0.5233644859813084,0.0
41,4.0,358.0,0.4972067039106145,0.0
15,0.0,29.0,0.4137931034482758,1.0
74,0.0,6.0,0.5,0.0
1,2.0,305.0,0.5672131147540984,0.0
1,3.0,295.0,0.4711864406779661,0.0
35,0.0,32.0,0.40625,0.0
66,0.0,12.0,0.5833333333333334,1.0
79,0.0,191.0,0.418848167539267,0.0
81,0.0,6.0,0.5,1.0
6,2.0,230.0,0.5130434782608696,0.0
2,0.0,33.0,0.5151515151515151,0.0
70,4.0,357.0,0.5294117647058824,0.0
13,0.0,6.0,0.1666666666666666,1.0
28,0.0,9.0,0.3333333333333333,1.0
2,1.0,122.0,0.4508196721311475,0.0
10,0.0,3.0,0.6666666666666666,1.0
45,0.0,8.0,0.25,1.0
4,3.0,224.0,0.5491071428571429,0.0
56,0.0,4.0,0.25,1.0
79,2.0,208.0,0.5144230769230769,0.0
10,0.0,4.0,0.5,1.0
10,0.0,16.0,0.375,1.0
14,0.0,12.0,0.3333333333333333,1.0
7,4.0,347.0,0.5389048991354467,0.0
27,2.0,258.0,0.5155038759689923,0.0
1,1.0,159.0,0.4968553459119497,0.0
30,0.0,4.0,0.25,1.0
30,0.0,16.0,0.375,1.0
37,0.0,8.0,0.375,1.0
64,1.0,64.0,0.4375,0.0
16,0.0,44.0,0.4318181818181818,1.0
37,2.0,131.0,0.6183206106870229,0.0
79,0.0,84.0,0.5476190476190477,0.0
1,0.0,163.0,0.4601226993865031,0.0
27,0.0,27.0,0.3333333333333333,1.0
42,5.0,268.0,0.5111940298507462,0.0
72,0.0,30.0,0.4,1.0
30,0.0,36.0,0.3611111111111111,0.0
1,3.0,195.0,0.5692307692307692,0.0
79,2.0,336.0,0.5446428571428571,0.0
68,0.0,2.0,0.5,1.0
16,0.0,19.0,0.1578947368421052,1.0
18,0.0,3.0,0.3333333333333333,0.0
66,0.0,33.0,0.3636363636363636,1.0
66,0.0,11.0,0.4545454545454545,1.0
1,1.0,152.0,0.4473684210526316,0.0
79,4.0,203.0,0.5566502463054187,0.0
13,0.0,26.0,0.3076923076923077,1.0
3,0.0,9.0,0.3333333333333333,0.0
12,0.0,40.0,0.275,1.0
72,0.0,23.0,0.4347826086956521,1.0
41,6.0,335.0,0.5492537313432836,0.0
2,2.0,205.0,0.4926829268292683,0.0
66,1.0,280.0,0.4535714285714285,0.0
44,0.0,14.0,0.3571428571428571,1.0
45,0.0,13.0,0.3846153846153846,1.0
71,4.0,330.0,0.5515151515151515,0.0
8,5.0,270.0,0.5666666666666667,0.0
2,0.0,37.0,0.4594594594594595,0.0
10,0.0,9.0,0.4444444444444444,1.0
41,2.0,327.0,0.5076452599388379,0.0
79,0.0,11.0,0.4545454545454545,1.0
10,0.0,252.0,0.496031746031746,0.0
29,0.0,8.0,0.125,1.0
2,2.0,229.0,0.5676855895196506,0.0
71,1.0,245.0,0.5183673469387755,0.0
24,0.0,51.0,0.3725490196078431,0.0
24,1.0,99.0,0.4343434343434343,0.0
42,5.0,340.0,0.538235294117647,0.0
64,0.0,11.0,0.4545454545454545,1.0
27,0.0,306.0,0.5196078431372549,0.0
8,0.0,54.0,0.4814814814814814,0.0
40,0.0,8.0,0.375,1.0
24,7.0,384.0,0.5572916666666666,0.0
62,0.0,5.0,0.2,1.0
61,0.0,11.0,0.2727272727272727,1.0
27,0.0,8.0,0.5,1.0
1,1.0,54.0,0.4629629629629629,1.0
1,0.0,77.0,0.4285714285714285,0.0
21,0.0,36.0,0.3055555555555556,0.0
6,0.0,150.0,0.58,0.0
37,0.0,94.0,0.4787234042553192,0.0
77,0.0,55.0,0.4181818181818181,0.0
27,0.0,61.0,0.4098360655737705,0.0
13,1.0,106.0,0.5188679245283019,0.0
81,0.0,54.0,0.5370370370370371,1.0
24,0.0,106.0,0.4528301886792453,0.0
15,0.0,52.0,0.4230769230769231,1.0
1,0.0,10.0,0.3,1.0
45,0.0,19.0,0.3684210526315789,1.0
2,5.0,134.0,0.6567164179104478,0.0
43,0.0,114.0,0.4210526315789473,0.0
27,0.0,21.0,0.5238095238095238,0.0
30,0.0,8.0,0.375,1.0
24,0.0,3.0,0.3333333333333333,1.0
9,5.0,215.0,0.5813953488372093,0.0
51,0.0,12.0,0.5,0.0
10,0.0,157.0,0.4904458598726114,0.0
80,0.0,14.0,0.2142857142857142,1.0
42,0.0,4.0,0.25,1.0
45,0.0,10.0,0.4,1.0
16,0.0,7.0,0.4285714285714285,1.0
18,3.0,302.0,0.5463576158940397,0.0
10,0.0,39.0,0.4102564102564102,0.0
30,2.0,288.0,0.5798611111111112,0.0
79,3.0,302.0,0.5794701986754967,0.0
79,2.0,239.0,0.5690376569037657,0.0
11,0.0,166.0,0.5421686746987951,0.0
29,0.0,32.0,0.34375,0.0
2,0.0,104.0,0.4807692307692308,0.0
45,0.0,66.0,0.5454545454545454,0.0
1,3.0,301.0,0.5481727574750831,0.0
20,0.0,161.0,0.4037267080745341,0.0
3,14.0,352.0,0.6931818181818182,0.0
66,3.0,238.0,0.5714285714285714,0.0
16,0.0,26.0,0.3846153846153846,0.0
30,0.0,28.0,0.4642857142857143,0.0
67,0.0,15.0,0.4,1.0
41,0.0,79.0,0.5189873417721519,0.0
63,2.0,199.0,0.457286432160804,0.0
52,0.0,50.0,0.16,1.0
10,0.0,120.0,0.5,0.0
2,0.0,24.0,0.4583333333333333,1.0
41,0.0,20.0,0.2,0.0
79,1.0,204.0,0.4411764705882353,0.0
9,0.0,11.0,0.1818181818181818,1.0
10,0.0,22.0,0.5909090909090909,0.0
79,0.0,76.0,0.5,0.0
28,0.0,129.0,0.4883720930232558,0.0
66,0.0,38.0,0.2894736842105263,1.0
14,0.0,5.0,0.4,1.0
64,0.0,2.0,0.5,1.0
27,0.0,3.0,0.3333333333333333,1.0
28,0.0,296.0,0.5405405405405406,0.0
79,2.0,289.0,0.4705882352941176,0.0
12,0.0,26.0,0.4230769230769231,1.0
27,1.0,295.0,0.5559322033898305,0.0
12,1.0,166.0,0.4397590361445783,0.0
2,0.0,209.0,0.4401913875598086,0.0
1,0.0,73.0,0.3835616438356164,0.0
6,2.0,310.0,0.532258064516129,0.0
27,3.0,257.0,0.5525291828793775,0.0
27,6.0,247.0,0.5668016194331984,0.0
40,0.0,9.0,0.5555555555555556,1.0
1,0.0,4.0,0.25,1.0
2,0.0,120.0,0.5166666666666667,0.0
79,0.0,8.0,0.125,1.0
71,0.0,10.0,0.4,1.0
70,0.0,90.0,0.5,0.0
68,1.0,75.0,0.44,0.0
14,0.0,7.0,0.2857142857142857,1.0
14,0.0,62.0,0.3064516129032258,1.0
24,0.0,39.0,0.2051282051282051,0.0
18,0.0,160.0,0.41875,0.0
79,0.0,11.0,0.5454545454545454,1.0
79,0.0,127.0,0.5118110236220472,0.0
10,5.0,375.0,0.5546666666666666,0.0
66,0.0,30.0,0.6333333333333333,1.0
6,0.0,18.0,0.4444444444444444,0.0
79,0.0,29.0,0.3793103448275862,1.0
27,0.0,6.0,0.3333333333333333,1.0
46,0.0,19.0,0.4736842105263157,1.0
66,1.0,225.0,0.4666666666666667,0.0
1,1.0,51.0,0.4117647058823529,0.0
68,1.0,236.0,0.4364406779661017,0.0
24,0.0,22.0,0.4090909090909091,0.0
27,0.0,16.0,0.375,1.0
68,0.0,29.0,0.3793103448275862,0.0
79,0.0,19.0,0.2631578947368421,1.0
18,3.0,201.0,0.5422885572139303,0.0
27,0.0,58.0,0.3793103448275862,0.0
37,0.0,321.0,0.4735202492211838,0.0
16,0.0,16.0,0.4375,1.0
24,0.0,49.0,0.4897959183673469,0.0
18,0.0,66.0,0.4545454545454545,0.0
28,5.0,256.0,0.58203125,0.0
1,0.0,63.0,0.492063492063492,0.0
80,0.0,22.0,0.3636363636363636,0.0
28,0.0,71.0,0.4366197183098591,0.0
40,0.0,3.0,0.3333333333333333,1.0
64,0.0,3.0,0.3333333333333333,1.0
41,0.0,174.0,0.4655172413793103,0.0
70,0.0,19.0,0.2631578947368421,1.0
63,0.0,188.0,0.5319148936170213,0.0
52,0.0,2.0,0.5,1.0
74,0.0,13.0,0.1538461538461538,1.0
73,0.0,74.0,0.4459459459459459,1.0
1,1.0,177.0,0.4689265536723164,0.0
12,0.0,7.0,0.2857142857142857,1.0
2,6.0,202.0,0.6534653465346535,0.0
24,0.0,6.0,0.5,0.0
24,2.0,200.0,0.545,0.0
60,0.0,20.0,0.25,1.0
52,0.0,77.0,0.3246753246753247,1.0
42,4.0,287.0,0.5818815331010453,0.0
76,0.0,5.0,0.2,1.0
41,2.0,160.0,0.53125,0.0
66,14.0,382.0,0.6989528795811518,0.0
2,3.0,121.0,0.5950413223140496,0.0
2,1.0,68.0,0.5,0.0
14,0.0,13.0,0.1538461538461538,1.0
1,0.0,9.0,0.4444444444444444,0.0
16,2.0,249.0,0.5542168674698795,0.0
61,0.0,6.0,0.3333333333333333,1.0
57,0.0,5.0,0.4,1.0
32,0.0,13.0,0.3846153846153846,1.0
48,0.0,11.0,0.4545454545454545,0.0
46,0.0,25.0,0.44,0.0
33,0.0,17.0,0.7058823529411765,1.0
30,1.0,261.0,0.5134099616858238,0.0
41,1.0,258.0,0.4961240310077519,0.0
10,0.0,17.0,0.2352941176470588,1.0
62,0.0,24.0,0.3333333333333333,1.0
13,0.0,44.0,0.4545454545454545,0.0
80,0.0,14.0,0.0714285714285714,1.0
26,0.0,8.0,0.5,1.0
79,0.0,5.0,0.2,1.0
41,0.0,67.0,0.4776119402985074,0.0
41,0.0,166.0,0.4819277108433735,0.0
63,0.0,7.0,0.2857142857142857,1.0
30,0.0,124.0,0.4435483870967742,0.0
75,0.0,58.0,0.4137931034482758,1.0
31,0.0,26.0,0.5769230769230769,0.0
30,7.0,283.0,0.5653710247349824,0.0
63,0.0,18.0,0.3888888888888889,0.0
79,1.0,158.0,0.4556962025316455,0.0
79,0.0,10.0,0.4,0.0
72,0.0,23.0,0.4782608695652174,1.0
27,0.0,9.0,0.2222222222222222,1.0
3,2.0,238.0,0.5294117647058824,0.0
7,0.0,38.0,0.4210526315789473,0.0
79,0.0,22.0,0.5454545454545454,0.0
58,0.0,29.0,0.3103448275862069,0.0
37,0.0,4.0,0.25,1.0
2,0.0,25.0,0.36,1.0
79,0.0,18.0,0.3333333333333333,1.0
68,3.0,268.0,0.5335820895522388,0.0
28,0.0,25.0,0.36,1.0
79,0.0,12.0,0.5833333333333334,1.0
30,0.0,105.0,0.5142857142857142,0.0
24,0.0,50.0,0.44,1.0
2,0.0,82.0,0.4146341463414634,0.0
58,0.0,4.0,0.25,1.0
79,0.0,6.0,0.3333333333333333,1.0
1,0.0,2.0,0.5,1.0
14,0.0,12.0,0.3333333333333333,1.0
42,0.0,23.0,0.2608695652173913,1.0
10,0.0,32.0,0.46875,0.0
37,0.0,5.0,0.4,1.0
28,0.0,12.0,0.5,1.0
79,2.0,190.0,0.5210526315789473,0.0
79,0.0,31.0,0.3870967741935484,1.0
64,0.0,18.0,0.1111111111111111,1.0
73,0.0,19.0,0.4736842105263157,1.0
42,0.0,182.0,0.3956043956043956,0.0
14,2.0,152.0,0.4736842105263157,0.0
3,0.0,193.0,0.4870466321243523,0.0
66,0.0,22.0,0.5454545454545454,1.0
66,0.0,6.0,0.5,0.0
72,0.0,25.0,0.48,1.0
72,5.0,315.0,0.5523809523809524,0.0
72,0.0,4.0,0.5,1.0
45,4.0,182.0,0.6043956043956044,0.0
79,0.0,7.0,0.1428571428571428,1.0
2,0.0,13.0,0.5384615384615384,1.0
27,0.0,8.0,0.375,0.0
79,0.0,53.0,0.3584905660377358,0.0
2,7.0,342.0,0.5877192982456141,0.0
66,0.0,6.0,0.1666666666666666,1.0
2,0.0,17.0,0.4117647058823529,1.0
42,0.0,6.0,0.1666666666666666,1.0
41,0.0,13.0,0.2307692307692307,1.0
2,0.0,96.0,0.4166666666666667,0.0
2,0.0,26.0,0.4615384615384615,1.0
19,3.0,156.0,0.5576923076923077,0.0
37,0.0,58.0,0.3620689655172414,0.0
27,3.0,322.0,0.5124223602484472,0.0
42,0.0,11.0,0.2727272727272727,1.0
27,2.0,162.0,0.5555555555555556,0.0
27,0.0,71.0,0.4507042253521127,0.0
1,0.0,62.0,0.5,0.0
79,0.0,3.0,0.3333333333333333,1.0
79,3.0,211.0,0.5260663507109005,0.0
27,0.0,71.0,0.4788732394366197,0.0
68,4.0,304.0,0.5526315789473685,0.0
79,1.0,153.0,0.5163398692810458,0.0
79,0.0,11.0,0.3636363636363636,1.0
79,0.0,18.0,0.2222222222222222,1.0
79,0.0,29.0,0.4482758620689655,1.0
79,0.0,180.0,0.4722222222222222,0.0
66,5.0,340.0,0.5852941176470589,0.0
37,2.0,210.0,0.5380952380952381,0.0
79,0.0,172.0,0.5058139534883721,0.0
79,2.0,228.0,0.5219298245614035,0.0
79,0.0,5.0,0.4,1.0
79,5.0,253.0,0.5612648221343873,0.0
79,0.0,97.0,0.5051546391752577,0.0
79,0.0,60.0,0.3833333333333333,1.0
6,0.0,24.0,0.5416666666666666,0.0
79,0.0,13.0,0.5384615384615384,0.0
79,0.0,9.0,0.3333333333333333,1.0
83,0.0,63.0,0.3809523809523809,0.0
79,0.0,104.0,0.4615384615384615,0.0
28,0.0,23.0,0.2608695652173913,0.0
72,0.0,3.0,0.3333333333333333,1.0
42,0.0,23.0,0.3043478260869565,1.0
12,0.0,246.0,0.491869918699187,0.0
45,0.0,18.0,0.2222222222222222,1.0
62,3.0,277.0,0.5703971119133574,0.0
41,1.0,158.0,0.4683544303797468,0.0
13,5.0,287.0,0.5749128919860628,0.0
45,0.0,24.0,0.2083333333333333,0.0
14,0.0,66.0,0.3333333333333333,1.0
79,0.0,9.0,0.2222222222222222,1.0
28,4.0,294.0,0.5986394557823129,0.0
18,0.0,50.0,0.42,0.0
2,0.0,9.0,0.4444444444444444,1.0
45,0.0,236.0,0.4788135593220339,0.0
76,1.0,234.0,0.4829059829059829,0.0
2,1.0,54.0,0.4814814814814814,0.0
2,0.0,85.0,0.388235294117647,0.0
2,0.0,21.0,0.2857142857142857,1.0
2,3.0,244.0,0.4672131147540984,0.0
2,1.0,232.0,0.4956896551724138,0.0
71,0.0,2.0,0.5,1.0
17,0.0,32.0,0.46875,1.0
65,0.0,23.0,0.391304347826087,0.0
30,0.0,277.0,0.5342960288808665,0.0
42,0.0,5.0,0.6,1.0
27,1.0,161.0,0.453416149068323,0.0
59,0.0,2.0,0.5,1.0
52,0.0,41.0,0.2439024390243902,1.0
62,0.0,12.0,0.5,1.0
15,0.0,7.0,0.2857142857142857,1.0
42,0.0,6.0,0.5,1.0
10,0.0,52.0,0.4038461538461538,0.0
79,0.0,13.0,0.1538461538461538,0.0
75,0.0,29.0,0.2413793103448276,0.0
64,0.0,9.0,0.2222222222222222,1.0
30,3.0,214.0,0.5046728971962616,0.0
37,0.0,7.0,0.2857142857142857,1.0
41,0.0,9.0,0.4444444444444444,1.0
42,0.0,5.0,0.2,1.0
24,0.0,16.0,0.0625,1.0
30,0.0,6.0,0.1666666666666666,1.0
41,0.0,52.0,0.4807692307692308,1.0
15,0.0,6.0,0.5,1.0
30,0.0,6.0,0.5,1.0
41,0.0,3.0,0.3333333333333333,1.0
35,0.0,23.0,0.3478260869565217,1.0
43,0.0,52.0,0.3269230769230769,1.0
37,0.0,3.0,0.3333333333333333,1.0
41,0.0,54.0,0.3333333333333333,0.0
2,0.0,28.0,0.3571428571428571,1.0
43,0.0,243.0,0.5185185185185185,0.0
10,0.0,4.0,0.25,1.0
80,0.0,59.0,0.288135593220339,0.0
30,0.0,2.0,0.5,1.0
6,0.0,3.0,0.3333333333333333,1.0
43,0.0,24.0,0.3333333333333333,1.0
79,0.0,3.0,0.6666666666666666,1.0
79,0.0,9.0,0.6666666666666666,1.0
79,0.0,25.0,0.4,0.0
12,0.0,7.0,0.1428571428571428,1.0
13,0.0,11.0,0.2727272727272727,1.0
74,0.0,2.0,0.5,1.0
66,0.0,6.0,0.3333333333333333,1.0
77,0.0,2.0,0.5,1.0
43,6.0,328.0,0.5670731707317073,0.0
1,0.0,4.0,0.25,1.0
30,0.0,111.0,0.4684684684684684,0.0
30,0.0,5.0,0.4,1.0
30,0.0,4.0,0.25,1.0
63,0.0,22.0,0.2272727272727272,0.0
63,0.0,13.0,0.0769230769230769,1.0
10,0.0,36.0,0.2777777777777778,1.0
13,0.0,6.0,0.1666666666666666,1.0
1,0.0,4.0,0.5,1.0
77,0.0,37.0,0.3783783783783784,1.0
5,0.0,4.0,0.75,1.0
52,0.0,12.0,0.25,1.0
42,0.0,48.0,0.4166666666666667,0.0
79,0.0,4.0,0.25,1.0
27,0.0,2.0,0.5,1.0
14,0.0,4.0,0.25,1.0
82,0.0,37.0,0.4864864864864865,0.0
10,0.0,2.0,0.5,1.0
1,0.0,74.0,0.4729729729729729,0.0
1,0.0,9.0,0.4444444444444444,1.0
40,0.0,117.0,0.452991452991453,0.0
1,0.0,9.0,0.4444444444444444,1.0
72,0.0,14.0,0.2857142857142857,1.0
76,0.0,6.0,0.3333333333333333,1.0
14,0.0,61.0,0.3114754098360656,1.0
14,0.0,25.0,0.24,1.0
37,0.0,13.0,0.1538461538461538,1.0
42,0.0,5.0,0.2,1.0
60,0.0,5.0,0.2,1.0
6,0.0,43.0,0.3953488372093023,0.0
56,0.0,11.0,0.2727272727272727,1.0
15,0.0,9.0,0.2222222222222222,1.0
79,0.0,76.0,0.4342105263157895,0.0
6,0.0,60.0,0.4666666666666667,0.0
41,0.0,3.0,0.3333333333333333,1.0
76,2.0,130.0,0.5846153846153846,0.0
18,0.0,48.0,0.3333333333333333,0.0
66,0.0,94.0,0.425531914893617,0.0
24,0.0,12.0,0.4166666666666667,1.0
63,0.0,228.0,0.3684210526315789,0.0
27,0.0,5.0,0.4,0.0
30,0.0,125.0,0.464,0.0
30,0.0,3.0,0.6666666666666666,1.0
41,0.0,7.0,0.4285714285714285,1.0
66,0.0,25.0,0.44,0.0
41,0.0,13.0,0.3846153846153846,1.0
28,0.0,8.0,0.125,1.0
41,0.0,13.0,0.4615384615384615,1.0
41,0.0,20.0,0.35,1.0
30,0.0,16.0,0.5625,1.0
16,0.0,44.0,0.4545454545454545,0.0
27,0.0,57.0,0.4736842105263157,0.0
27,1.0,159.0,0.5031446540880503,0.0
7,0.0,43.0,0.4883720930232558,0.0
30,0.0,33.0,0.5454545454545454,0.0
35,0.0,2.0,0.5,1.0
79,3.0,279.0,0.5555555555555556,0.0
2,0.0,26.0,0.3461538461538461,1.0
2,0.0,11.0,0.2727272727272727,1.0
2,0.0,17.0,0.4705882352941176,1.0
2,0.0,8.0,0.375,1.0
42,0.0,5.0,0.2,1.0
18,0.0,14.0,0.4285714285714285,1.0
3,2.0,262.0,0.4961832061068702,0.0
77,0.0,8.0,0.5,1.0
76,0.0,17.0,0.1176470588235294,1.0
37,0.0,160.0,0.43125,0.0
37,0.0,2.0,0.5,1.0
27,0.0,191.0,0.5078534031413613,0.0
79,6.0,249.0,0.5662650602409639,0.0
1,0.0,7.0,0.1428571428571428,1.0
27,0.0,45.0,0.5777777777777777,0.0
28,0.0,3.0,0.3333333333333333,1.0
15,0.0,9.0,0.1111111111111111,1.0
8,5.0,328.0,0.6036585365853658,0.0
2,0.0,10.0,0.4,1.0
18,0.0,26.0,0.2692307692307692,1.0
52,0.0,11.0,0.1818181818181818,1.0
37,0.0,5.0,0.2,1.0
45,0.0,15.0,0.5333333333333333,1.0
1,0.0,25.0,0.4,0.0
79,0.0,3.0,0.3333333333333333,1.0
76,0.0,8.0,0.25,1.0
70,0.0,4.0,0.25,0.0
56,0.0,111.0,0.4774774774774775,0.0
56,0.0,6.0,0.1666666666666666,1.0
24,0.0,13.0,0.3846153846153846,0.0
6,0.0,17.0,0.3529411764705882,0.0
66,10.0,380.0,0.6368421052631579,0.0
79,0.0,4.0,0.25,1.0
64,0.0,9.0,0.4444444444444444,1.0
28,0.0,56.0,0.4821428571428571,0.0
6,0.0,42.0,0.4761904761904761,0.0
28,0.0,3.0,0.3333333333333333,1.0
6,0.0,3.0,0.3333333333333333,1.0
16,0.0,178.0,0.4269662921348314,0.0
27,1.0,317.0,0.4889589905362776,0.0
27,3.0,214.0,0.5373831775700935,0.0
66,1.0,183.0,0.5245901639344263,0.0
28,0.0,3.0,0.3333333333333333,1.0
42,0.0,34.0,0.3823529411764705,1.0
41,0.0,3.0,0.3333333333333333,1.0
28,0.0,4.0,0.25,1.0
41,4.0,308.0,0.5616883116883117,0.0
18,0.0,43.0,0.4883720930232558,1.0
79,0.0,73.0,0.4246575342465753,0.0
41,0.0,6.0,0.3333333333333333,1.0
62,0.0,2.0,0.5,1.0
14,0.0,6.0,0.3333333333333333,1.0
62,0.0,18.0,0.3888888888888889,1.0
66,0.0,11.0,0.5454545454545454,1.0
22,0.0,25.0,0.56,0.0
79,0.0,54.0,0.3888888888888889,1.0
1,0.0,30.0,0.4333333333333333,0.0
60,0.0,64.0,0.453125,0.0
28,0.0,7.0,0.2857142857142857,1.0
10,0.0,103.0,0.4563106796116505,0.0
62,0.0,3.0,0.3333333333333333,1.0
52,0.0,29.0,0.3793103448275862,1.0
79,4.0,272.0,0.5955882352941176,0.0
79,0.0,65.0,0.4923076923076923,0.0
42,0.0,110.0,0.3909090909090909,0.0
13,0.0,139.0,0.539568345323741,0.0
28,0.0,5.0,0.2,1.0
24,0.0,6.0,0.3333333333333333,1.0
41,1.0,189.0,0.5026455026455027,0.0
27,3.0,140.0,0.6,0.0
1,0.0,20.0,0.2,1.0
27,0.0,5.0,0.2,0.0
45,0.0,153.0,0.5359477124183006,0.0
42,0.0,13.0,0.3846153846153846,1.0
42,0.0,82.0,0.4146341463414634,0.0
57,0.0,130.0,0.4461538461538462,0.0
62,0.0,5.0,0.2,1.0
27,0.0,183.0,0.5027322404371585,0.0
40,0.0,2.0,0.5,1.0
41,0.0,14.0,0.2857142857142857,1.0
41,0.0,8.0,0.125,1.0
67,0.0,4.0,0.25,1.0
41,1.0,198.0,0.4393939393939394,0.0
27,0.0,71.0,0.4366197183098591,0.0
24,3.0,247.0,0.5344129554655871,0.0
19,0.0,7.0,0.4285714285714285,1.0
39,0.0,7.0,0.2857142857142857,1.0
39,0.0,9.0,0.4444444444444444,1.0
24,0.0,10.0,0.4,0.0
24,3.0,246.0,0.6016260162601627,0.0
3,0.0,32.0,0.46875,0.0
71,0.0,5.0,0.2,1.0
74,0.0,154.0,0.5194805194805194,0.0
74,0.0,9.0,0.3333333333333333,1.0
79,0.0,3.0,0.3333333333333333,1.0
79,0.0,5.0,0.2,1.0
2,0.0,47.0,0.425531914893617,1.0
2,0.0,7.0,0.4285714285714285,1.0
62,0.0,18.0,0.1666666666666666,1.0
62,0.0,9.0,0.5555555555555556,1.0
26,0.0,38.0,0.4473684210526316,1.0
41,8.0,270.0,0.6592592592592592,0.0
51,0.0,11.0,0.1818181818181818,1.0
64,0.0,5.0,0.4,1.0
3,0.0,34.0,0.4411764705882353,0.0
70,0.0,16.0,0.4375,0.0
3,0.0,58.0,0.5689655172413793,0.0
56,0.0,110.0,0.5454545454545454,0.0
28,2.0,178.0,0.4662921348314606,0.0
1,0.0,127.0,0.4960629921259842,0.0
1,0.0,23.0,0.3478260869565217,1.0
10,0.0,7.0,0.2857142857142857,1.0
66,0.0,2.0,0.5,1.0
24,0.0,11.0,0.4545454545454545,1.0
24,0.0,4.0,0.5,1.0
72,0.0,8.0,0.375,1.0
72,0.0,4.0,0.5,1.0
31,9.0,378.0,0.671957671957672,0.0
2,2.0,213.0,0.5023474178403756,0.0
2,0.0,183.0,0.5245901639344263,0.0
18,0.0,54.0,0.4444444444444444,0.0
41,0.0,11.0,0.4545454545454545,1.0
80,0.0,18.0,0.1666666666666666,1.0
45,3.0,263.0,0.596958174904943,0.0
45,0.0,10.0,0.2,1.0
77,0.0,50.0,0.58,0.0
71,0.0,9.0,0.4444444444444444,1.0
79,0.0,8.0,0.125,1.0
79,0.0,41.0,0.3902439024390244,1.0
79,0.0,22.0,0.4545454545454545,1.0
56,0.0,5.0,0.2,1.0
56,0.0,3.0,0.3333333333333333,1.0
12,0.0,9.0,0.3333333333333333,1.0
10,0.0,11.0,0.3636363636363636,1.0
10,0.0,4.0,0.25,1.0
73,0.0,14.0,0.3571428571428571,1.0
30,2.0,165.0,0.5818181818181818,0.0
14,0.0,11.0,0.2727272727272727,1.0
74,0.0,26.0,0.4230769230769231,1.0
27,0.0,6.0,0.1666666666666666,1.0
41,0.0,7.0,0.4285714285714285,1.0
16,0.0,153.0,0.5816993464052288,0.0
27,0.0,13.0,0.3076923076923077,1.0
71,0.0,111.0,0.5135135135135135,0.0
41,0.0,5.0,0.2,0.0
62,6.0,314.0,0.6019108280254777,0.0
27,0.0,4.0,0.25,1.0
30,0.0,7.0,0.2857142857142857,1.0
30,0.0,3.0,0.3333333333333333,1.0
16,0.0,5.0,0.2,1.0
27,0.0,107.0,0.4392523364485981,0.0
27,0.0,4.0,0.5,1.0
41,0.0,131.0,0.5114503816793893,0.0
40,0.0,9.0,0.3333333333333333,1.0
79,0.0,2.0,0.5,1.0
2,0.0,3.0,0.3333333333333333,1.0
2,0.0,11.0,0.1818181818181818,1.0
66,0.0,2.0,0.5,1.0
41,5.0,317.0,0.5615141955835962,0.0
80,0.0,8.0,0.375,1.0
63,0.0,23.0,0.3478260869565217,1.0
24,0.0,4.0,0.5,1.0
79,0.0,10.0,0.5,1.0
79,0.0,66.0,0.5,0.0
14,0.0,22.0,0.3181818181818182,1.0
70,0.0,10.0,0.3,1.0
70,0.0,7.0,0.2857142857142857,1.0
79,0.0,3.0,0.3333333333333333,1.0
63,0.0,30.0,0.5666666666666667,0.0
41,0.0,17.0,0.4705882352941176,1.0
41,0.0,69.0,0.3333333333333333,0.0
24,0.0,20.0,0.35,0.0
45,0.0,4.0,0.25,1.0
64,0.0,6.0,0.3333333333333333,1.0
17,0.0,37.0,0.4324324324324324,0.0
41,0.0,26.0,0.2692307692307692,1.0
14,0.0,8.0,0.375,1.0
14,0.0,18.0,0.3333333333333333,1.0
72,0.0,4.0,0.25,1.0
41,0.0,21.0,0.238095238095238,1.0
42,0.0,20.0,0.35,1.0
42,1.0,157.0,0.5605095541401274,0.0
12,3.0,284.0,0.5774647887323944,0.0
1,0.0,2.0,0.5,1.0
14,0.0,5.0,0.2,1.0
14,0.0,15.0,0.4,1.0
56,0.0,32.0,0.4375,0.0
27,0.0,4.0,0.5,1.0
41,0.0,39.0,0.3076923076923077,1.0
64,0.0,5.0,0.4,1.0
30,0.0,103.0,0.5436893203883495,0.0
77,0.0,35.0,0.4857142857142857,1.0
74,0.0,3.0,0.3333333333333333,1.0
74,0.0,38.0,0.4736842105263157,0.0
34,0.0,3.0,0.6666666666666666,1.0
2,0.0,3.0,0.3333333333333333,1.0
2,0.0,53.0,0.3962264150943396,1.0
28,0.0,4.0,0.25,1.0
30,0.0,8.0,0.375,1.0
24,0.0,8.0,0.75,0.0
70,0.0,33.0,0.3939393939393939,1.0
28,0.0,7.0,0.2857142857142857,1.0
57,6.0,312.0,0.6057692307692307,0.0
27,0.0,4.0,0.25,1.0
27,0.0,20.0,0.4,0.0
27,0.0,15.0,0.2666666666666666,1.0
66,0.0,10.0,0.1,1.0
41,0.0,94.0,0.4574468085106383,0.0
56,5.0,192.0,0.5729166666666666,0.0
69,0.0,4.0,0.5,1.0
79,0.0,2.0,0.5,1.0
30,1.0,257.0,0.5525291828793775,0.0
64,0.0,2.0,0.5,1.0
10,0.0,5.0,0.2,1.0
60,0.0,5.0,0.4,1.0
27,0.0,3.0,0.6666666666666666,1.0
68,0.0,2.0,0.5,1.0
15,0.0,11.0,0.1818181818181818,1.0
30,0.0,6.0,0.3333333333333333,1.0
34,0.0,4.0,0.5,1.0
13,1.0,193.0,0.5647668393782384,0.0
18,2.0,291.0,0.5154639175257731,0.0
28,0.0,5.0,0.2,1.0
79,0.0,25.0,0.44,1.0
27,0.0,70.0,0.3714285714285714,0.0
14,0.0,15.0,0.1333333333333333,1.0
27,0.0,59.0,0.4745762711864407,0.0
11,0.0,13.0,0.4615384615384615,1.0
37,0.0,6.0,0.3333333333333333,1.0
42,0.0,26.0,0.4615384615384615,1.0
71,1.0,155.0,0.5870967741935483,0.0
79,0.0,5.0,0.2,1.0
14,0.0,77.0,0.3766233766233766,1.0
27,0.0,16.0,0.3125,1.0
10,0.0,5.0,0.2,1.0
72,4.0,251.0,0.6374501992031872,0.0
24,6.0,283.0,0.5512367491166078,0.0
74,0.0,9.0,0.5555555555555556,1.0
62,0.0,16.0,0.1875,1.0
42,0.0,10.0,0.2,1.0
14,0.0,35.0,0.2571428571428571,1.0
50,0.0,11.0,0.1818181818181818,1.0
20,0.0,17.0,0.3529411764705882,1.0
27,0.0,10.0,0.5,0.0
27,0.0,10.0,0.4,1.0
72,0.0,23.0,0.391304347826087,1.0
25,0.0,8.0,0.25,1.0
19,0.0,4.0,0.25,1.0
70,3.0,151.0,0.4900662251655629,0.0
1,0.0,49.0,0.5714285714285714,0.0
75,0.0,45.0,0.4222222222222222,0.0
14,0.0,9.0,0.1111111111111111,1.0
15,0.0,5.0,0.2,1.0
1,2.0,115.0,0.6347826086956522,0.0
66,0.0,6.0,0.3333333333333333,1.0
27,4.0,236.0,0.5550847457627118,0.0
30,0.0,2.0,0.5,1.0
63,0.0,13.0,0.1538461538461538,1.0
8,0.0,11.0,0.1818181818181818,1.0
70,0.0,4.0,0.25,1.0
30,0.0,35.0,0.2571428571428571,0.0
18,0.0,19.0,0.2631578947368421,1.0
37,0.0,5.0,0.2,1.0
37,0.0,7.0,0.2857142857142857,1.0
25,0.0,4.0,0.5,1.0
37,0.0,8.0,0.375,1.0
27,0.0,28.0,0.4285714285714285,0.0
42,0.0,2.0,0.5,1.0
50,0.0,3.0,0.3333333333333333,1.0
27,0.0,3.0,0.3333333333333333,1.0
27,0.0,144.0,0.3958333333333333,0.0
1,0.0,8.0,0.375,1.0
66,0.0,49.0,0.5102040816326531,0.0
76,0.0,41.0,0.3902439024390244,0.0
27,0.0,91.0,0.4615384615384615,0.0
13,0.0,3.0,0.3333333333333333,1.0
12,4.0,273.0,0.5934065934065934,0.0
2,0.0,16.0,0.4375,1.0
27,9.0,219.0,0.6027397260273972,0.0
27,0.0,3.0,0.3333333333333333,1.0
12,0.0,60.0,0.5,1.0
12,0.0,30.0,0.3,1.0
37,0.0,8.0,0.25,1.0
42,0.0,74.0,0.4459459459459459,0.0
55,0.0,47.0,0.3404255319148936,0.0
37,0.0,16.0,0.5,1.0
2,0.0,25.0,0.36,1.0
14,1.0,55.0,0.4727272727272727,0.0
66,0.0,13.0,0.4615384615384615,1.0
40,0.0,22.0,0.3181818181818182,1.0
73,0.0,12.0,0.3333333333333333,1.0
24,2.0,167.0,0.4730538922155688,0.0
64,0.0,7.0,0.2857142857142857,1.0
18,0.0,13.0,0.3846153846153846,1.0
1,1.0,95.0,0.5684210526315789,0.0
37,0.0,7.0,0.2857142857142857,1.0
66,0.0,4.0,0.25,1.0
68,3.0,225.0,0.5555555555555556,0.0
37,0.0,24.0,0.4583333333333333,1.0
27,0.0,60.0,0.3833333333333333,0.0
41,0.0,29.0,0.4137931034482758,1.0
79,0.0,5.0,0.4,1.0
35,0.0,34.0,0.4117647058823529,0.0
79,0.0,26.0,0.3846153846153846,1.0
79,0.0,14.0,0.2857142857142857,1.0
24,2.0,208.0,0.6153846153846154,0.0
79,0.0,5.0,0.2,1.0
79,0.0,34.0,0.3529411764705882,1.0
79,0.0,24.0,0.4583333333333333,1.0
79,0.0,16.0,0.4375,1.0
12,0.0,12.0,0.25,1.0
18,0.0,116.0,0.5258620689655172,0.0
56,0.0,5.0,0.4,1.0
11,0.0,23.0,0.391304347826087,0.0
83,0.0,6.0,0.3333333333333333,1.0
41,0.0,5.0,0.4,1.0
64,0.0,7.0,0.4285714285714285,1.0
79,2.0,143.0,0.4755244755244755,0.0
24,0.0,70.0,0.3857142857142857,0.0
6,3.0,78.0,0.6282051282051282,0.0
47,0.0,9.0,0.5555555555555556,1.0
39,0.0,14.0,0.1428571428571428,1.0
2,6.0,272.0,0.6029411764705882,0.0
66,0.0,135.0,0.5111111111111111,0.0
18,0.0,41.0,0.3170731707317073,1.0
74,0.0,18.0,0.3888888888888889,1.0
26,4.0,172.0,0.622093023255814,0.0
70,0.0,2.0,0.5,1.0
10,1.0,92.0,0.5217391304347826,0.0
79,0.0,10.0,0.3,1.0
30,0.0,27.0,0.3333333333333333,1.0
30,0.0,4.0,0.25,1.0
79,0.0,29.0,0.3103448275862069,1.0
12,0.0,15.0,0.2,1.0
24,0.0,11.0,0.1818181818181818,1.0
27,0.0,90.0,0.4888888888888889,0.0
27,0.0,16.0,0.25,0.0
62,1.0,75.0,0.5733333333333334,0.0
71,0.0,15.0,0.3333333333333333,1.0
79,0.0,17.0,0.3529411764705882,1.0
72,0.0,11.0,0.2727272727272727,1.0
72,0.0,5.0,0.4,1.0
1,0.0,2.0,0.5,1.0
35,0.0,86.0,0.5465116279069767,0.0
54,0.0,3.0,0.3333333333333333,1.0
41,0.0,10.0,0.4,1.0
43,0.0,28.0,0.1428571428571428,1.0
24,0.0,2.0,0.5,1.0
41,0.0,12.0,0.25,1.0
56,0.0,50.0,0.44,1.0
2,0.0,14.0,0.3571428571428571,1.0
30,1.0,123.0,0.4065040650406504,0.0
10,0.0,3.0,0.3333333333333333,1.0
3,3.0,191.0,0.5602094240837696,0.0
79,0.0,33.0,0.4242424242424242,1.0
79,0.0,10.0,0.3,1.0
78,0.0,4.0,0.25,1.0
77,0.0,37.0,0.3783783783783784,0.0
66,0.0,51.0,0.3725490196078431,0.0
37,0.0,5.0,0.4,1.0
76,0.0,7.0,0.2857142857142857,1.0
20,0.0,19.0,0.3684210526315789,1.0
12,0.0,4.0,0.25,1.0
79,0.0,24.0,0.2916666666666667,1.0
79,0.0,21.0,0.4285714285714285,1.0
66,0.0,7.0,0.2857142857142857,1.0
79,0.0,7.0,0.5714285714285714,1.0
24,0.0,3.0,0.6666666666666666,1.0
79,0.0,17.0,0.3529411764705882,1.0
27,0.0,195.0,0.4615384615384615,0.0
2,0.0,6.0,0.1666666666666666,1.0
2,2.0,228.0,0.5482456140350878,0.0
79,3.0,135.0,0.5777777777777777,0.0
79,0.0,27.0,0.2592592592592592,1.0
2,0.0,7.0,0.2857142857142857,1.0
27,0.0,3.0,0.6666666666666666,1.0
42,0.0,3.0,0.3333333333333333,1.0
42,0.0,21.0,0.5238095238095238,1.0
42,0.0,4.0,0.25,1.0
2,0.0,6.0,0.3333333333333333,1.0
42,0.0,12.0,0.4166666666666667,1.0
2,0.0,7.0,0.4285714285714285,1.0
42,0.0,2.0,0.5,1.0
14,0.0,29.0,0.3103448275862069,1.0
80,0.0,25.0,0.28,1.0
42,0.0,23.0,0.3043478260869565,0.0
15,0.0,52.0,0.4615384615384615,0.0
21,0.0,6.0,0.1666666666666666,1.0
1,0.0,53.0,0.6037735849056604,0.0
31,0.0,11.0,0.3636363636363636,1.0
67,0.0,4.0,0.25,1.0
11,0.0,30.0,0.4,0.0
1,4.0,114.0,0.631578947368421,0.0
1,3.0,53.0,0.6792452830188679,0.0
1,0.0,4.0,0.25,1.0
42,0.0,34.0,0.5,0.0
27,0.0,3.0,0.3333333333333333,1.0
27,0.0,6.0,0.1666666666666666,1.0
27,0.0,4.0,0.25,1.0
79,0.0,7.0,0.4285714285714285,1.0
79,0.0,8.0,0.5,1.0
79,0.0,4.0,0.25,1.0
64,0.0,3.0,0.6666666666666666,1.0
79,0.0,7.0,0.1428571428571428,1.0
79,0.0,16.0,0.375,1.0
10,0.0,3.0,0.3333333333333333,0.0
79,2.0,123.0,0.5121951219512195,0.0
24,1.0,34.0,0.6176470588235294,0.0
24,0.0,5.0,0.6,1.0
18,0.0,16.0,0.375,1.0
41,0.0,44.0,0.3636363636363636,0.0
6,0.0,3.0,0.3333333333333333,1.0
2,0.0,3.0,0.3333333333333333,1.0
26,0.0,11.0,0.5454545454545454,1.0
64,0.0,58.0,0.5344827586206896,0.0
1,0.0,2.0,0.5,1.0
71,0.0,10.0,0.3,1.0
79,0.0,65.0,0.3230769230769231,1.0
43,0.0,14.0,0.2142857142857142,1.0
27,0.0,4.0,0.25,1.0
68,0.0,9.0,0.3333333333333333,1.0
37,0.0,6.0,0.3333333333333333,1.0
79,0.0,14.0,0.5714285714285714,1.0
72,0.0,5.0,0.4,1.0
30,0.0,7.0,0.1428571428571428,1.0
2,0.0,11.0,0.1818181818181818,1.0
74,0.0,99.0,0.5151515151515151,0.0
30,0.0,28.0,0.5,1.0
18,0.0,3.0,0.3333333333333333,1.0
57,0.0,3.0,0.3333333333333333,1.0
79,3.0,69.0,0.6811594202898551,0.0
18,0.0,57.0,0.4385964912280701,0.0
28,0.0,11.0,0.0909090909090909,1.0
28,0.0,17.0,0.3529411764705882,0.0
10,2.0,137.0,0.4744525547445255,0.0
66,0.0,10.0,0.4,1.0
71,0.0,9.0,0.3333333333333333,1.0
1,0.0,2.0,0.5,1.0
41,6.0,150.0,0.6333333333333333,0.0
10,0.0,4.0,0.25,1.0
63,0.0,3.0,0.3333333333333333,1.0
63,0.0,5.0,0.4,1.0
63,0.0,2.0,0.5,1.0
41,0.0,8.0,0.125,1.0
64,0.0,3.0,0.3333333333333333,1.0
79,0.0,39.0,0.4102564102564102,1.0
41,0.0,5.0,0.2,1.0
28,0.0,10.0,0.5,0.0
15,0.0,11.0,0.3636363636363636,1.0
41,1.0,88.0,0.5340909090909091,0.0
25,0.0,4.0,0.25,1.0
27,0.0,31.0,0.2903225806451613,0.0
79,2.0,116.0,0.6206896551724138,0.0
42,0.0,14.0,0.4285714285714285,1.0
76,0.0,5.0,0.2,1.0
73,0.0,10.0,0.3,1.0
79,0.0,12.0,0.3333333333333333,1.0
79,0.0,26.0,0.5769230769230769,1.0
16,0.0,54.0,0.5925925925925926,0.0
12,0.0,13.0,0.2307692307692307,1.0
42,0.0,8.0,0.375,1.0
66,0.0,2.0,0.5,1.0
42,0.0,5.0,0.6,1.0
56,1.0,43.0,0.5813953488372093,0.0
62,0.0,21.0,0.5238095238095238,1.0
24,0.0,3.0,0.3333333333333333,1.0
18,1.0,19.0,0.631578947368421,1.0
41,1.0,129.0,0.5891472868217055,0.0
24,0.0,4.0,0.25,0.0
70,0.0,6.0,0.3333333333333333,1.0
66,0.0,38.0,0.5789473684210527,0.0
66,0.0,17.0,0.3529411764705882,0.0
66,0.0,6.0,0.3333333333333333,1.0
64,0.0,8.0,0.125,0.0
24,0.0,41.0,0.4878048780487805,0.0
30,0.0,3.0,0.3333333333333333,1.0
1,2.0,63.0,0.5714285714285714,0.0
1,0.0,37.0,0.5135135135135135,0.0
66,0.0,11.0,0.7272727272727273,0.0
24,0.0,6.0,0.5,1.0
2,0.0,3.0,0.3333333333333333,1.0
28,0.0,37.0,0.4324324324324324,0.0
28,0.0,8.0,0.5,1.0
18,0.0,54.0,0.4814814814814814,0.0
10,0.0,20.0,0.65,1.0
65,0.0,4.0,0.25,1.0
18,2.0,88.0,0.6590909090909091,0.0
2,0.0,6.0,0.5,1.0
41,0.0,42.0,0.4761904761904761,0.0
52,0.0,4.0,0.25,1.0
24,5.0,94.0,0.7021276595744681,0.0
79,0.0,11.0,0.2727272727272727,1.0
12,0.0,16.0,0.3125,1.0
27,0.0,18.0,0.5555555555555556,0.0
2,0.0,16.0,0.5,1.0
2,0.0,8.0,0.25,1.0
27,0.0,26.0,0.5384615384615384,0.0
58,0.0,5.0,0.2,1.0
77,0.0,9.0,0.7777777777777778,0.0
1,0.0,3.0,0.3333333333333333,1.0
18,1.0,57.0,0.6140350877192983,0.0
12,0.0,17.0,0.2941176470588235,1.0
41,0.0,20.0,0.25,1.0
79,0.0,5.0,0.4,1.0
27,0.0,5.0,0.2,1.0
27,0.0,9.0,0.6666666666666666,1.0
41,0.0,5.0,0.2,1.0
66,0.0,4.0,0.5,1.0
79,0.0,15.0,0.4666666666666667,1.0
28,0.0,3.0,0.3333333333333333,1.0
42,0.0,14.0,0.4285714285714285,1.0
24,0.0,6.0,0.5,1.0
28,0.0,12.0,0.25,1.0
27,0.0,5.0,0.2,1.0
56,0.0,3.0,0.6666666666666666,1.0
18,0.0,8.0,0.125,1.0
42,0.0,4.0,0.5,1.0
27,0.0,2.0,0.5,1.0
62,0.0,2.0,0.5,1.0
70,1.0,18.0,0.6111111111111112,0.0
79,0.0,16.0,0.3125,1.0
24,0.0,2.0,0.5,1.0
79,0.0,5.0,0.2,1.0
41,0.0,13.0,0.3076923076923077,1.0
27,0.0,27.0,0.4074074074074074,1.0
79,0.0,2.0,0.5,1.0
68,0.0,8.0,0.375,1.0
28,0.0,5.0,0.4,1.0
41,0.0,16.0,0.25,1.0
2,0.0,12.0,0.4166666666666667,1.0
18,0.0,5.0,0.4,1.0
41,0.0,59.0,0.5423728813559322,0.0
30,0.0,3.0,0.3333333333333333,1.0
70,0.0,6.0,0.3333333333333333,1.0
3,0.0,4.0,0.5,1.0
62,0.0,2.0,0.5,1.0
27,0.0,2.0,0.5,1.0
41,0.0,4.0,0.5,1.0
79,0.0,2.0,0.5,1.0
